{
  "uid" : "98d3104e051c652961429bf95fa0b5d6",
  "name" : "suites",
  "children" : [ {
    "name" : "test_case.contact.member",
    "children" : [ {
      "name" : "test_member",
      "children" : [ {
        "name" : "TestMember",
        "children" : [ {
          "name" : "test_add_member[userid为空，添加失败]",
          "uid" : "1d8c8f3235d936bf",
          "parentUid" : "aba59fb04971209971412812e77497e7",
          "status" : "passed",
          "time" : {
            "start" : 1613011050281,
            "stop" : 1613011050505,
            "duration" : 224
          },
          "flaky" : false,
          "newFailed" : false,
          "parameters" : [ "[1, 2]", "41009", "'missing userid'", "'13072661165'", "'tong1234'", "''" ]
        }, {
          "name" : "test_add_member[mobile为空，添加失败]",
          "uid" : "29f641e322ba70a4",
          "parentUid" : "aba59fb04971209971412812e77497e7",
          "status" : "passed",
          "time" : {
            "start" : 1613011050521,
            "stop" : 1613011050758,
            "duration" : 237
          },
          "flaky" : false,
          "newFailed" : false,
          "parameters" : [ "[1, 2]", "60129", "'missing mobile'", "''", "'tong12341'", "'tong12341'" ]
        }, {
          "name" : "test_delete_member",
          "uid" : "bae9748ea1e980ed",
          "parentUid" : "aba59fb04971209971412812e77497e7",
          "status" : "passed",
          "time" : {
            "start" : 1613011050769,
            "stop" : 1613011050961,
            "duration" : 192
          },
          "flaky" : false,
          "newFailed" : false,
          "parameters" : [ ]
        }, {
          "name" : "test_get_member",
          "uid" : "9e2c02ed47ac0960",
          "parentUid" : "aba59fb04971209971412812e77497e7",
          "status" : "passed",
          "time" : {
            "start" : 1613011050966,
            "stop" : 1613011051174,
            "duration" : 208
          },
          "flaky" : false,
          "newFailed" : false,
          "parameters" : [ ]
        } ],
        "uid" : "aba59fb04971209971412812e77497e7"
      } ],
      "uid" : "9d8fe87aee46e665bb93658bddfe89c5"
    } ],
    "uid" : "2f067e4a0fdc507d12699be8205cd9b6"
  } ]
}